slug	id	title	creator	license	source_page	url
bmw	35fdda5a-222e-4f13-b883-ad38e7ddc9de	BMW 4 SERIES COUPE (F32) China (3)	Dinkun Chen	by-sa	https://commons.wikimedia.org/w/index.php?curid=128852546	https://upload.wikimedia.org/wikipedia/commons/1/1c/BMW_4_SERIES_COUPE_%28F32%29_China_%283%29.jpg
bmw	4d0fb9de-f09d-4ed4-9e47-a75906409db4	BMW 4 SERIES COUPE (F32) China	Dinkun Chen	by-sa	https://commons.wikimedia.org/w/index.php?curid=123329030	https://upload.wikimedia.org/wikipedia/commons/8/81/BMW_4_SERIES_COUPE_%28F32%29_China.jpg
bmw	17a2381f-ee7c-44ae-b8d1-ceffef841bad	BMW 4-Series Coupe (f32)	RandomGamer31	by-sa	https://www.flickr.com/photos/101762430@N03/13856027333	https://live.staticflickr.com/7203/13856027333_3e9a51a6e2_b.jpg
bmw	221686e1-4a7b-4058-972d-938992463946	BMW 4 SERIES COUPE (G22) China (2)	Dinkun Chen	by-sa	https://commons.wikimedia.org/w/index.php?curid=182240225	https://upload.wikimedia.org/wikipedia/commons/8/84/BMW_4_SERIES_COUPE_%28G22%29_China_%282%29.jpg
bmw	e0bdfde7-027f-4e98-9439-024de660abb4	BMW 4 SERIES COUPE (G22) China (3)	Dinkun Chen	by-sa	https://commons.wikimedia.org/w/index.php?curid=182240223	https://upload.wikimedia.org/wikipedia/commons/8/89/BMW_4_SERIES_COUPE_%28G22%29_China_%283%29.jpg
bmw	26228c2a-ae5a-4706-876f-1f9bb1f75e9c	BMW 4 SERIES COUPE (F32) China (2)	Dinkun Chen	by-sa	https://commons.wikimedia.org/w/index.php?curid=127825393	https://upload.wikimedia.org/wikipedia/commons/1/11/BMW_4_SERIES_COUPE_%28F32%29_China_%282%29.jpg
bmw	ce38329d-f94e-4fb2-b741-f1cc624d7765	BMW 4 SERIES COUPE (G22) China	Dinkun Chen	by-sa	https://commons.wikimedia.org/w/index.php?curid=128970776	https://upload.wikimedia.org/wikipedia/commons/0/05/BMW_4_SERIES_COUPE_%28G22%29_China.jpg
bmw	d6484bfe-a79d-4834-9a6b-264153707619	2014 BMW 4 Series Open Boot	Carleasingmadesimpletm	by	https://www.flickr.com/photos/107919534@N07/11069577775	https://live.staticflickr.com/3719/11069577775_a8a9acf640_b.jpg
bmw	1b89664a-99c6-455a-bdec-ae6547f781a8	2014 BMW 4 Series Open	Carleasingmadesimpletm	by	https://www.flickr.com/photos/107919534@N07/11069669816	https://live.staticflickr.com/7423/11069669816_7f8fb4ef83_b.jpg
bmw	47b68c13-eb7d-460f-b6ed-b34f71104659	2014 BMW 4 Series Left headlight Close Up	Carleasingmadesimpletm	by	https://www.flickr.com/photos/107919534@N07/11069585655	https://live.staticflickr.com/7407/11069585655_3a76a093f0_b.jpg
bmw	bcd185b0-ebaf-4d2d-bd32-04d78254380d	Modern Z coupe, Champaign w/ chrome wheels	wbaiv	by-sa	https://www.flickr.com/photos/9998127@N06/7118996739	https://live.staticflickr.com/7055/7118996739_215a69e610_b.jpg
bmw	07aebf0a-646b-4416-a216-9670c0bd0dab	2014 BMW 4 Series Interior Drivers Side	Carleasingmadesimpletm	by	https://www.flickr.com/photos/107919534@N07/11069707764	https://live.staticflickr.com/3740/11069707764_58eaa4743c_b.jpg
bmw	0463ac9e-580d-4e6a-be1b-fde9627fa7c9	2014 BMW 4 Series Side On	Carleasingmadesimpletm	by	https://www.flickr.com/photos/107919534@N07/11069544335	https://live.staticflickr.com/2892/11069544335_66971b0129_b.jpg
bmw	d8c64a8b-534d-42bd-a650-a06f0266542f	BMW 4 Series Rear Interior	Carleasingmadesimpletm	by	https://www.flickr.com/photos/107919534@N07/11069557326	https://live.staticflickr.com/3776/11069557326_0a254e27b4_b.jpg
bmw	efce7cb8-0364-4cf7-84f6-42507d21b1c3	2014 BMW 4 Series Rear Left	Carleasingmadesimpletm	by	https://www.flickr.com/photos/107919534@N07/11069661946	https://live.staticflickr.com/3805/11069661946_efa7002f80_b.jpg
bmw	a22143dc-dd65-40c6-8251-12e47e4a0a81	2014 BMW 4 Series Side Close Up	Carleasingmadesimpletm	by	https://www.flickr.com/photos/107919534@N07/11069723273	https://live.staticflickr.com/3791/11069723273_9904b6c406_b.jpg
bmw	de95c4dd-1e55-44d6-bad2-5f73340d35d6	BMW 4 Series Front On	Carleasingmadesimpletm	by	https://www.flickr.com/photos/107919534@N07/11069634676	https://live.staticflickr.com/7371/11069634676_1fdeb0a62d_b.jpg
bmw	bf07e065-866b-4722-adb9-72f3b4387fe8	BMW 4 Series Left Side On	Carleasingmadesimpletm	by	https://www.flickr.com/photos/107919534@N07/11069569636	https://live.staticflickr.com/7421/11069569636_97fe28b043_b.jpg
bmw	440084aa-53de-4c44-ac67-1f7d6355000e	BMW 4 Series Front Left On	Carleasingmadesimpletm	by	https://www.flickr.com/photos/107919534@N07/11069708073	https://live.staticflickr.com/5534/11069708073_d302751055_b.jpg
bmw	dacfc03c-ac26-46b8-9b54-91fe6f758792	BMW 4 Series Front Right Front On	Carleasingmadesimpletm	by	https://www.flickr.com/photos/107919534@N07/11069653843	https://live.staticflickr.com/7372/11069653843_f4946cffb6_b.jpg
bmw2	e504f742-7a1b-4feb-9a89-e912a38288cc	Bmw 5-Series E60 PD Widebody Aerodynamic-Kit	Prior Design NA (priordesignusa.com)	by	https://www.flickr.com/photos/49500824@N02/7189850037	https://live.staticflickr.com/5462/7189850037_8c328349cd_b.jpg
bmw2	0cb5c954-ba2d-4ca8-a03b-d6d554f4e348	Bmw 5-Series E60 PD Widebody Aerodynamic-Kit	Prior Design NA (priordesignusa.com)	by	https://www.flickr.com/photos/49500824@N02/7375092430	https://live.staticflickr.com/7071/7375092430_e8856f2cdf_b.jpg
bmw2	49519597-eac0-4449-9fc9-100c48a8cf71	BMW X6	Michi1308	by-sa	https://www.flickr.com/photos/22256255@N05/2354171531	https://live.staticflickr.com/2124/2354171531_b2013dedd8_b.jpg
bmw2	f58a5740-4e3a-4996-91f0-b3acb663a340	BMW X6 Rear	Michi1308	by-sa	https://www.flickr.com/photos/22256255@N05/2355001068	https://live.staticflickr.com/3018/2355001068_2d82866746_b.jpg
bmw2	a7719496-59aa-473a-b193-92015bd07d46	BMW Z4 M Coupe By Bburago	thienzieyung	by	https://www.flickr.com/photos/26978304@N08/5675292168	https://live.staticflickr.com/5070/5675292168_289e14b5ce_b.jpg
bmw2	0d835759-b835-410c-9561-1585fca44fed	SILVER GREY M3 CONVERTIBLE E46	Prior Design NA (priordesignusa.com)	by	https://www.flickr.com/photos/49500824@N02/4566537485	https://live.staticflickr.com/4072/4566537485_924d3708bf_b.jpg
bmw2	bf9905e8-76dd-4233-8806-d22e585b7abe	European rear engined coupe collection: Simca 1000 Coupe, VW Type 3 Karmann Ghia, BMW 700 Coupe & Singer Chamois Coupe	andreboeni	by	https://www.flickr.com/photos/65344061@N06/10105355363	https://live.staticflickr.com/7294/10105355363_0b2294e591_b.jpg
bmw2	f56e38e3-bbc2-4f79-8ded-a031337ad05c	BMW 2000 CS (1967) & 3.0CS E9 (1971)	andreboeni	by	https://www.flickr.com/photos/65344061@N06/17030609702	https://live.staticflickr.com/8694/17030609702_0364c650c4_b.jpg
bmw2	4a52725c-a4b6-4207-8750-2c819c74d051	2021 BMW 430i xDrive Coupe in BMW Individual Dravit Grey metallic, Front Left, 08-02-2023	Elise240SX	by-sa	https://commons.wikimedia.org/w/index.php?curid=135675650	https://upload.wikimedia.org/wikipedia/commons/9/9e/2021_BMW_430i_xDrive_Coupe_in_BMW_Individual_Dravit_Grey_metallic%2C_Front_Left%2C_08-02-2023.jpg
bmw2	f0a34b95-e478-4229-b070-71025d621f0d	2021 BMW 430i xDrive Coupe in BMW Individual Dravit Grey metallic, Rear Left, 08-02-2023	Elise240SX	by-sa	https://commons.wikimedia.org/w/index.php?curid=135675651	https://upload.wikimedia.org/wikipedia/commons/7/7a/2021_BMW_430i_xDrive_Coupe_in_BMW_Individual_Dravit_Grey_metallic%2C_Rear_Left%2C_08-02-2023.jpg
bmw2	4abc2b2e-6d46-46c9-a798-a198bcd4ea52	YE65SLU-used-BMW-2-SERIES-DIESEL-COUPE-220d-190-M-Sport-2dr-Diesel-Manual-GREY-2015-XC-L-10	cardiffcarshopcollections	pdm	https://www.flickr.com/photos/137009385@N06/39779107975	https://live.staticflickr.com/4795/39779107975_861bc81b37_b.jpg
bmw2	23e3a306-304e-4bb8-bd80-fd20bb436ee6	LS60UNR-used-BMW-3-SERIES-DIESEL-COUPE-320d-M-Sport-2dr-Diesel-Manual-GREY-2010-XC-L-10	cardiffcarshopcollections	pdm	https://www.flickr.com/photos/137009385@N06/40196283892	https://live.staticflickr.com/4697/40196283892_949f317a1b_b.jpg
bmw2	bbb67b38-8535-45ad-9a86-a0263f8438dd	YE65SLU-used-BMW-2-SERIES-DIESEL-COUPE-220d-190-M-Sport-2dr-Diesel-Manual-GREY-2015-XC-L-01	cardiffcarshopcollections	pdm	https://www.flickr.com/photos/137009385@N06/28211077938	https://live.staticflickr.com/946/28211077938_81bc07513b_b.jpg
bmw2	54f6c006-9f79-47e5-a392-a1f45f31c86e	BMW G16 LCI M850i xDrive Gran Coupe Skyscraper Grey Metallic (4)	Damian B Oh	by-sa	https://commons.wikimedia.org/w/index.php?curid=135733561	https://upload.wikimedia.org/wikipedia/commons/0/06/BMW_G16_LCI_M850i_xDrive_Gran_Coupe_Skyscraper_Grey_Metallic_%284%29.jpg
beetle	b886162f-7d09-4502-af21-f68b3a0576c4	1977 Volkswagen Beetle White (2)	Damian B Oh	by-sa	https://commons.wikimedia.org/w/index.php?curid=118555981	https://upload.wikimedia.org/wikipedia/commons/d/db/1977_Volkswagen_Beetle_White_%282%29.jpg
beetle	bd423313-3879-4d79-a625-70d126661882	1977 Volkswagen Beetle White (1)	Damian B Oh	by-sa	https://commons.wikimedia.org/w/index.php?curid=118555980	https://upload.wikimedia.org/wikipedia/commons/9/97/1977_Volkswagen_Beetle_White_%281%29.jpg
beetle	056b47b1-26b0-47ec-98f0-6a27078b306f	VW Love	jessica.diamond	by-sa	https://www.flickr.com/photos/22272408@N07/3916515218	https://live.staticflickr.com/2430/3916515218_f4d0e30178_b.jpg
beetle	8b39c9e1-9823-4d3a-bfeb-028961b32d02	Wolfsburg - Volkswagen Assembly Line	roger4336	by-sa	https://www.flickr.com/photos/24736216@N07/2994043188	https://live.staticflickr.com/3059/2994043188_4e9ccbcb3f_b.jpg
beetle	bff5919c-9a51-4465-b6b8-92c8718c4282	Wolfsburg - My 1960 Volkswagen	roger4336	by-sa	https://www.flickr.com/photos/24736216@N07/2988982283	https://live.staticflickr.com/3065/2988982283_77ed9684ce_b.jpg
beetle	c0748c5a-d3e9-464f-9f53-4dc14e84c442	Taxis in Mexico City	stevecadman	by-sa	https://www.flickr.com/photos/98115025@N00/82586567	https://live.staticflickr.com/36/82586567_949ca6700f_b.jpg
beetle	1a7ff860-cc32-4613-9027-3ff960865540	Das Lange Bug	the_tphipps	by	https://www.flickr.com/photos/63207059@N06/12327261434	https://live.staticflickr.com/3826/12327261434_fe2d8053c8_b.jpg
beetle	46e3495b-d6f8-4010-a439-c2c51dc0b48e	White Beetle HDR	Dennis Wong	by	https://www.flickr.com/photos/97247234@N00/4776664565	https://live.staticflickr.com/4140/4776664565_f70ce0ba72_b.jpg
beetle	3f3fcd12-415a-4e2b-8a22-d5d1630973a8	1966 Volkswagen Beetle	dave_7	by	https://www.flickr.com/photos/21612624@N00/14742158469	https://live.staticflickr.com/3908/14742158469_a5a89fdfb7_b.jpg
beetle	a6a99a93-aa63-4866-9339-556295594e2f	HotWheels - Volkswagen Beetle	Leap Kye	by-nd	https://www.flickr.com/photos/10581663@N08/11730610904	https://live.staticflickr.com/3718/11730610904_fd73eb75cb_b.jpg
beetle	5865d118-0b6e-46e8-b710-d0f1c04628e8	Herbie the Love Bug	Thad Zajdowicz	by	https://www.flickr.com/photos/40632439@N00/33845668915	https://live.staticflickr.com/3952/33845668915_f40f2f6d85_b.jpg
beetle	1eb1f5fa-f078-4b10-b348-855cd3581971	Brentford - Aug 2016 - Morris Minor	Gareth1953 All Right Now	by	https://www.flickr.com/photos/40837632@N05/36227847534	https://live.staticflickr.com/4430/36227847534_52b0013a7a_b.jpg
beetle	7e7c7ff4-8637-4d21-af6e-be2865e59120	VW Beetle	David Schiersner	by	https://www.flickr.com/photos/27280854@N03/15465612851	https://live.staticflickr.com/5599/15465612851_766f4715a3_b.jpg
beetle	f06d7a8c-1ac5-4dfb-ac94-f0f969b6833e	1966 Volkswagen Beetle 1300	dave_7	by	https://www.flickr.com/photos/21612624@N00/14742205718	https://live.staticflickr.com/5556/14742205718_30e1e11cac_b.jpg
beetle	085b42f4-f73f-4f47-9c95-9274ac968297	Stuttgart - Ursula Bräuning	roger4336	by-sa	https://www.flickr.com/photos/24736216@N07/3997588247	https://live.staticflickr.com/3512/3997588247_5afc837203.jpg
beetle	b90152c8-330f-4e6b-b6f6-c5b1534ea48a	Ian, preparing to install engine + transmission	wbaiv	by-sa	https://www.flickr.com/photos/9998127@N06/4055243960	https://live.staticflickr.com/2692/4055243960_819fac884e_b.jpg
beetle	ead46e23-51b9-4696-88c8-8ba1a49fe2cd	Maisto 1:18 Special Edition Die Cast Vehicles	thienzieyung	by	https://www.flickr.com/photos/26978304@N08/8512595144	https://live.staticflickr.com/8094/8512595144_e4ed9e5e06_b.jpg
beetle	1340bcaf-064c-459c-b7c9-dea7f8ea87ef	201435 . G39031	www.ilkkajukarainen.fi	by-nd	https://www.flickr.com/photos/130333033@N08/32435688738	https://live.staticflickr.com/4895/32435688738_8b989c0546_b.jpg
beetle	3e2bf5cf-357d-4b42-897a-6580ee3d4835	Donner Pass, California	roger4336	by-sa	https://www.flickr.com/photos/24736216@N07/4092621315	https://live.staticflickr.com/2722/4092621315_39cba2d3bb.jpg
beetle	1d7b79d4-b377-4e14-bef9-5b94819fdbed	White VW	B@ni	by	https://www.flickr.com/photos/58026353@N00/248523563	https://live.staticflickr.com/93/248523563_bc165f78ec_b.jpg
beetle2	061a394b-ea05-4bbf-ac12-3e5825114c62	Prior Design VW New Beetle GT3 Front Bumper Body Kit	Prior Design NA (priordesignusa.com)	by	https://www.flickr.com/photos/49500824@N02/5268438694	https://live.staticflickr.com/5247/5268438694_69301d84f7_b.jpg
beetle2	65fa25cf-fb88-40de-afbb-7d250e27b36c	Prior Design VW New Beetle GT3 Full Body Kit	Prior Design NA (priordesignusa.com)	by	https://www.flickr.com/photos/49500824@N02/5267828857	https://live.staticflickr.com/5049/5267828857_5832e3d497_b.jpg
beetle2	11e0ffd3-e3cb-41fe-afbb-eb867e44303a	Prior Design VW New Beetle GT3 Rear Bumper and Side skirts	Prior Design NA (priordesignusa.com)	by	https://www.flickr.com/photos/49500824@N02/5267829951	https://live.staticflickr.com/5090/5267829951_d77ed505a7_b.jpg
beetle2	a8e89226-2131-4e8d-a80e-da66a4ef49f4	Prior Design VW New Beetle GT3 Rear Bumper Body Kit	Prior Design NA (priordesignusa.com)	by	https://www.flickr.com/photos/49500824@N02/5267830131	https://live.staticflickr.com/5208/5267830131_a40c7f07a3_b.jpg
beetle2	690caf54-1455-4896-84d6-85d1a9d4f2fd	Prior Design VW New Beetle GT3 Front Bumper Body Kit	Prior Design NA (priordesignusa.com)	by	https://www.flickr.com/photos/49500824@N02/5267829685	https://live.staticflickr.com/5164/5267829685_f16320741e_b.jpg
beetle2	0fc39f7e-f679-4b74-a5ad-b4dcb1d8c7b8	Prior Design VW New Beetle GT3 Side Skirts and Mesh Wheels	Prior Design NA (priordesignusa.com)	by	https://www.flickr.com/photos/49500824@N02/5268438140	https://live.staticflickr.com/5050/5268438140_c1748467eb.jpg
beetle2	0b4dd5a4-e26e-43a2-a2af-ff9099e606d8	Prior Design VW New Beetle GT3 Front bumper and Lip Splitter	Prior Design NA (priordesignusa.com)	by	https://www.flickr.com/photos/49500824@N02/5267829415	https://live.staticflickr.com/5001/5267829415_1acb85fb66_b.jpg
beetle2	2231ce32-4ff5-48ed-a4f4-7d11bc91c23a	2009 VW New Beetle cabriolet	rkfotos	by-sa	https://www.flickr.com/photos/10448601@N03/51620248021	https://live.staticflickr.com/65535/51620248021_f73e17baf2_b.jpg
beetle2	4c01361e-7fba-4e9b-86e4-4497ac75c70e	Oranger VW New Beetle 20210524 DSC09751	PantheraLeo1359531	by	https://commons.wikimedia.org/w/index.php?curid=107315498	https://upload.wikimedia.org/wikipedia/commons/c/c4/Oranger_VW_New_Beetle_20210524_DSC09751.jpg
beetle2	d2761550-f4b8-44b5-a145-eab0b6927e32	VW-New-Beetle-Dune-Front-Woman-Scuba-Diver-1600x1200	marvins_dad	by	https://www.flickr.com/photos/48466100@N00/1942880972	https://live.staticflickr.com/2314/1942880972_edb3ad4cf9_b.jpg
beetle2	7d0a96f1-301d-4e49-b0b1-a00b6ea9aab3	Mirror of a VW New Beetle Cabrio	viZZZual.com	by	https://www.flickr.com/photos/22394551@N03/2243653583	https://live.staticflickr.com/2248/2243653583_f6f7b5b9e8.jpg
beetle2	8de1efe9-63ce-47e7-9c90-81d6f5112ce5	VW-New-Beetle-Dune-Front-Woman-Scuba-Diver-1600x1200	marvins_dad	by	https://www.flickr.com/photos/48466100@N00/1943010094	https://live.staticflickr.com/2294/1943010094_31153f34cc_b.jpg
beetle2	61f26c1e-41b7-44a9-bb5a-36c212a73a4e	VW New Beetle Geckogreen	Thomas doerfer	by-sa	https://commons.wikimedia.org/w/index.php?curid=4499417	https://upload.wikimedia.org/wikipedia/commons/8/86/VW_New_Beetle_Geckogreen.JPG
beetle2	e8b1c273-2996-4ab3-a60c-d821fed2aeab	VW New Beetle front 20071029	Rudolf Stricker	by-sa	https://commons.wikimedia.org/w/index.php?curid=2993354	https://upload.wikimedia.org/wikipedia/commons/1/15/VW_New_Beetle_front_20071029.jpg
beetle2	3ef74cde-bfa1-43b2-8f2b-c0bdb2249928	VW NEW BEETLE RED BULL	João Paulo Fotografias	by-nd	https://www.flickr.com/photos/53075744@N04/6124565922	https://live.staticflickr.com/6187/6124565922_46623be247_b.jpg
beetle2	c0f32b29-f876-41b1-b413-16603a67a0f0	VW New Beetle Journal de Mickey Caravane Tour de France 2019 Chalon sur Saône	crash71100	cc0	https://www.flickr.com/photos/152930510@N02/48296545072	https://live.staticflickr.com/65535/48296545072_4b35330cc1_b.jpg
beetle2	4637f3c9-2c8c-44af-ac2e-982ed970f0e5	VW New Beetle	Sak Ch'een	cc0	https://www.flickr.com/photos/94811275@N02/8635660979	https://live.staticflickr.com/8546/8635660979_3419b3e889_b.jpg
beetle2	a35f4327-9bfc-4426-bfd6-d2b93adf9854	VW New Beetle Convertible	BKM_BR	by	https://www.flickr.com/photos/38025294@N00/7520493854	https://live.staticflickr.com/8017/7520493854_0bef091dfa_b.jpg
beetle2	51465ed3-e9d3-43d3-82bc-da24c2433e8a	VW New Beetle Convertible	BKM_BR	by	https://www.flickr.com/photos/38025294@N00/7520494380	https://live.staticflickr.com/8024/7520494380_03ec549e29_b.jpg
beetle2	3f128fcb-db6c-48f5-bfd1-a1cb3305838e	Majorette - VW New Beetle - Noir - réf 203A - Ech 1-60 - MiT 0513 - Street Cars	Otobus	by	https://www.flickr.com/photos/65203340@N02/11783743345	https://live.staticflickr.com/3690/11783743345_e220ae0bcb_m.jpg
